Transformer_ID,Age_Years,Oil_Temperature_C,Winding_Temperature_C,Ambient_Temperature_C,Voltage_kV,Current_A,Load_Percentage,Oil_Level_Percentage,Moisture_ppm,Dissolved_Gas_ppm,Vibration_mm_s,Partial_Discharge_pC,Cooling_Status,Health_Status
T0001,11,80.6,87.1,22,11.0,383.1,85,94.4,15.1,320.4,2.73,48.1,Normal,Warning
T0002,8,76.7,87.2,20,11.0,407.7,89,97.0,15.9,271.7,3.05,38.3,Normal,Warning
T0003,2,66.5,73.6,35,11.0,227.9,52,97.7,12.5,144.8,1.95,22.9,Normal,Healthy
T0004,4,65.8,76.7,35,11.0,193.4,43,98.1,13.9,163.9,2.27,20.6,Normal,Healthy
T0005,26,76.7,85.1,23,11.0,296.9,66,88.3,29.5,438.5,3.65,73.5,Normal,Warning
T0006,25,78.5,87.9,28,11.0,250.4,54,87.4,29.3,415.3,4.04,65.6,Normal,Critical
T0007,20,86.2,93.0,33,11.0,414.8,93,92.5,22.4,439.9,3.83,70.4,Fan Running,Critical
T0008,10,85.7,94.5,40,11.0,385.1,84,94.8,17.7,307.6,2.8,43.9,Normal,Warning
T0009,13,84.5,94.1,30,11.0,441.8,98,96.2,21.3,387.8,3.32,55.8,Normal,Warning
T0010,22,76.6,84.0,30,11.0,283.7,64,89.4,26.5,393.3,3.46,58.3,Fan Running,Warning
T0011,18,83.4,94.9,29,11.0,337.7,75,92.9,24.5,343.2,3.9,63.6,Oil Pump Running,Critical
T0012,13,82.2,92.0,30,11.0,385.4,86,92.8,22.3,338.4,2.97,54.6,Normal,Warning
T0013,1,68.5,82.1,36,11.0,244.8,54,97.0,8.0,150.6,1.95,25.6,Oil Pump Running,Healthy
T0014,12,68.2,78.1,33,11.0,232.6,50,94.6,17.5,238.6,2.87,43.6,Fan Running,Healthy
T0015,27,80.1,87.8,40,11.0,254.7,55,88.0,31.7,444.8,4.16,69.4,Normal,Critical
T0016,23,86.5,95.3,26,11.0,360.1,81,90.5,27.4,440.2,4.14,75.5,Normal,Critical
T0017,26,88.2,96.0,25,11.0,387.3,86,88.4,27.0,443.7,4.16,76.2,Oil Pump Running,Critical
T0018,12,83.2,92.1,32,11.0,351.0,79,93.3,16.8,300.3,3.24,54.4,Normal,Warning
T0019,16,85.3,92.0,38,11.0,358.1,79,95.1,23.5,373.0,3.43,53.0,Normal,Warning
T0020,3,81.0,92.9,41,11.0,375.9,85,96.6,14.4,211.7,2.59,32.5,Normal,Warning
T0021,20,91.4,100.2,37,11.0,428.3,95,89.7,22.1,458.3,4.17,70.3,Normal,Critical
T0022,14,70.5,78.2,24,11.0,279.0,62,95.2,19.2,306.7,3.3,42.4,Normal,Healthy
T0023,29,92.4,105.4,32,11.0,390.1,88,86.2,32.3,528.4,4.89,87.3,Normal,Critical
T0024,6,81.9,88.8,22,11.0,420.5,95,98.0,14.0,288.9,3.16,47.0,Normal,Warning
T0025,8,71.0,77.7,24,11.0,314.2,70,93.9,17.8,233.8,2.5,44.7,Oil Pump Running,Healthy
T0026,17,77.0,87.3,24,11.0,314.6,70,94.9,23.8,372.6,3.77,53.4,Oil Pump Running,Warning
T0027,29,87.6,94.6,24,11.0,413.1,92,85.8,30.6,488.4,4.86,90.8,Normal,Critical
T0028,23,84.9,98.0,38,11.0,372.0,81,88.9,30.1,425.9,4.03,78.2,Normal,Critical
T0029,6,86.9,96.1,40,11.0,403.7,90,96.4,11.4,272.0,2.68,40.0,Normal,Warning
T0030,13,77.5,84.0,28,11.0,331.8,72,95.7,22.2,290.3,2.88,43.1,Normal,Healthy
T0031,9,73.9,86.7,42,11.0,232.3,51,98.1,15.6,234.2,2.43,34.7,Normal,Warning
T0032,3,64.2,71.7,26,11.0,195.3,42,97.1,8.5,129.3,1.57,21.5,Normal,Healthy
T0033,3,64.9,73.6,26,11.0,225.8,50,100.0,10.0,147.8,1.95,19.1,Normal,Healthy
T0034,6,61.3,74.8,26,11.0,186.6,41,97.3,12.0,178.7,2.17,22.8,Normal,Healthy
T0035,9,58.1,68.1,19,11.0,169.6,36,96.0,14.7,198.8,2.31,32.3,Fan Running,Healthy
T0036,18,88.2,95.9,30,11.0,441.2,99,90.8,25.7,431.7,3.62,73.6,Normal,Warning
T0037,27,66.3,78.3,22,11.0,158.1,36,87.0,28.1,402.5,3.94,68.5,Normal,Critical
T0038,20,76.7,84.2,25,11.0,320.3,72,89.0,24.2,373.7,4.09,60.8,Normal,Warning
T0039,29,79.2,85.2,27,11.0,277.1,62,87.8,32.2,436.1,4.21,71.7,Normal,Critical
T0040,27,73.7,80.1,20,11.0,230.9,53,87.7,29.0,421.1,3.92,74.7,Oil Pump Running,Critical
T0041,13,83.6,93.6,42,11.0,338.5,76,94.9,17.3,341.5,3.35,50.5,Fan Running,Warning
T0042,24,92.1,102.3,40,11.0,445.6,99,91.6,30.0,497.6,4.5,84.3,Normal,Critical
T0043,3,57.5,66.4,18,11.0,173.7,40,100.0,11.8,157.7,1.87,21.8,Fan Running,Healthy
T0044,9,82.4,94.4,18,11.0,418.5,93,96.1,17.2,290.0,3.33,44.2,Normal,Warning
T0045,28,81.8,89.5,26,11.0,296.3,65,90.7,31.4,443.0,4.15,79.4,Normal,Critical
T0046,20,76.0,83.1,38,11.0,266.1,60,92.7,23.8,364.1,3.01,53.8,Normal,Warning
T0047,22,76.8,85.1,21,11.0,279.3,62,90.5,26.4,361.1,4.0,60.2,Normal,Warning
T0048,30,71.9,78.5,33,11.0,166.6,37,90.0,36.0,407.2,4.24,78.2,Normal,Warning
T0049,19,72.6,80.7,20,11.0,236.3,53,92.4,25.0,322.8,2.9,53.6,Fan Running,Warning
T0050,29,86.7,92.8,33,11.0,382.4,85,87.7,31.0,478.4,4.45,82.6,Normal,Critical
T0051,1,76.7,83.7,28,11.0,357.8,78,100.0,12.2,193.4,2.11,25.5,Oil Pump Running,Healthy
T0052,3,81.1,94.0,29,11.0,397.0,89,96.1,12.4,256.1,2.26,40.3,Fan Running,Warning
T0053,17,76.1,88.4,28,11.0,264.3,59,90.3,24.2,322.0,3.53,53.9,Normal,Warning
T0054,24,71.6,80.8,20,11.0,186.3,41,88.1,30.4,361.1,3.82,62.5,Normal,Warning
T0055,16,80.1,88.2,31,11.0,354.8,78,93.9,21.2,340.3,3.41,59.1,Normal,Warning
T0056,6,68.6,78.6,38,11.0,252.5,55,97.4,13.5,200.0,2.48,29.1,Oil Pump Running,Healthy
T0057,7,63.2,73.6,25,11.0,204.1,46,96.0,16.5,184.1,1.74,34.1,Fan Running,Healthy
T0058,14,76.5,85.2,41,11.0,267.5,61,92.8,23.0,279.6,2.99,49.5,Normal,Healthy
T0059,3,70.1,81.3,26,11.0,295.9,66,97.4,13.3,230.1,1.85,26.3,Fan Running,Healthy
T0060,19,65.5,79.0,33,11.0,164.4,35,92.0,24.0,296.9,3.21,46.4,Normal,Healthy
T0061,17,76.0,87.8,39,11.0,218.4,48,94.0,22.3,309.1,2.6,53.6,Normal,Warning
T0062,19,80.7,91.7,19,11.0,329.0,73,91.6,25.8,352.0,3.41,67.2,Normal,Warning
T0063,13,75.5,81.5,26,11.0,284.1,63,96.8,18.1,285.0,3.25,43.1,Oil Pump Running,Healthy
T0064,8,72.2,81.5,35,11.0,299.4,66,94.1,13.6,275.1,2.72,31.9,Normal,Healthy
T0065,22,83.6,89.9,31,11.0,366.4,82,90.3,27.7,405.9,4.24,73.2,Oil Pump Running,Critical
T0066,3,84.3,92.8,24,11.0,446.1,98,97.0,9.7,281.6,2.54,42.8,Fan Running,Warning
T0067,20,75.7,89.0,23,11.0,276.4,63,92.0,27.5,339.3,3.07,61.6,Fan Running,Warning
T0068,2,63.6,73.2,40,11.0,192.4,42,97.8,8.3,118.8,1.41,14.1,Oil Pump Running,Healthy
T0069,24,70.1,81.9,32,11.0,180.9,39,92.3,27.9,334.5,3.04,55.7,Fan Running,Healthy
T0070,29,77.5,89.6,21,11.0,271.4,61,89.4,29.7,464.3,3.91,78.3,Fan Running,Critical
T0071,7,79.6,89.4,28,11.0,366.6,81,95.4,15.4,266.3,2.65,39.3,Normal,Warning
T0072,9,67.0,75.8,24,11.0,189.9,43,98.2,16.9,201.7,2.48,30.0,Normal,Healthy
T0073,10,60.7,68.6,18,11.0,193.1,43,97.8,19.7,219.2,2.14,33.5,Fan Running,Healthy
T0074,5,67.6,81.1,33,11.0,257.9,58,98.5,10.9,190.2,2.54,28.4,Oil Pump Running,Healthy
T0075,3,70.1,77.3,34,11.0,268.5,60,99.0,11.3,192.7,1.78,24.5,Normal,Healthy
T0076,3,61.7,71.1,26,11.0,210.3,45,100.0,9.4,138.0,1.8,26.1,Normal,Healthy
T0077,24,77.5,85.9,35,11.0,221.5,50,88.7,26.7,365.6,3.55,60.4,Normal,Warning
T0078,5,68.4,77.5,27,11.0,273.4,59,97.5,11.4,226.5,2.37,35.6,Normal,Healthy
T0079,1,73.1,86.4,33,11.0,280.6,64,98.1,7.5,159.4,2.42,23.8,Normal,Warning
T0080,12,72.9,81.0,34,11.0,260.9,57,96.9,16.2,279.8,2.87,38.9,Normal,Healthy
T0081,11,62.1,70.2,22,11.0,181.6,40,95.9,16.0,200.7,2.24,37.8,Normal,Healthy
T0082,20,68.4,80.7,27,11.0,198.8,44,89.3,22.6,321.7,3.23,56.5,Normal,Healthy
T0083,21,85.1,94.4,23,11.0,379.0,85,90.1,28.5,408.7,4.01,67.1,Fan Running,Critical
T0084,1,80.1,89.2,42,11.0,363.0,81,100.0,9.4,191.4,1.93,22.5,Oil Pump Running,Warning
T0085,29,93.0,100.1,29,11.0,411.3,93,86.1,34.0,509.8,4.79,93.0,Oil Pump Running,Critical
T0086,6,74.2,84.4,22,11.0,362.3,79,95.1,13.7,276.3,3.07,33.3,Normal,Healthy
T0087,27,88.0,98.9,19,11.0,434.2,96,86.6,31.9,513.3,4.96,86.1,Normal,Critical
T0088,20,78.5,85.9,30,11.0,265.5,60,91.0,25.1,353.0,3.11,56.2,Normal,Warning
T0089,2,64.2,72.8,35,11.0,173.7,39,98.5,12.7,154.7,1.79,14.7,Normal,Healthy
T0090,14,81.5,91.0,30,11.0,361.4,82,94.5,20.1,328.1,3.57,57.7,Fan Running,Warning
T0091,27,89.2,95.7,23,11.0,425.2,95,88.0,32.4,500.3,4.73,78.0,Normal,Critical
T0092,3,79.4,89.5,41,11.0,330.4,75,98.3,10.7,247.1,2.01,34.6,Oil Pump Running,Warning
T0093,24,74.9,88.8,40,11.0,220.4,49,92.2,30.7,357.9,3.85,69.8,Normal,Critical
T0094,27,79.5,92.6,29,11.0,297.9,67,90.3,28.5,444.1,4.5,71.8,Normal,Critical
T0095,20,78.2,84.5,34,11.0,287.4,65,89.8,27.6,380.8,3.89,56.7,Normal,Warning
T0096,4,67.3,76.1,42,11.0,190.5,41,98.2,12.7,185.0,1.5,28.2,Fan Running,Healthy
T0097,24,79.9,88.9,29,11.0,300.3,68,89.1,25.7,399.8,4.01,75.9,Normal,Critical
T0098,27,81.6,95.3,34,11.0,307.4,67,90.8,33.0,458.0,4.35,72.0,Normal,Critical
T0099,20,88.5,97.4,38,11.0,397.8,90,91.4,25.7,392.7,3.55,69.4,Normal,Warning
T0100,4,78.3,87.6,34,11.0,356.8,80,96.1,11.4,259.7,2.2,27.2,Normal,Warning
T0101,23,84.5,95.6,22,11.0,419.9,92,91.7,26.8,439.9,3.78,77.0,Oil Pump Running,Warning
T0102,29,91.3,101.5,29,11.0,409.4,91,86.2,29.2,485.7,4.26,82.7,Normal,Critical
T0103,2,65.2,75.6,42,11.0,223.1,48,96.9,8.8,162.5,1.82,21.7,Oil Pump Running,Healthy
T0104,6,74.2,85.2,34,11.0,340.9,74,98.2,13.7,250.3,2.45,34.9,Fan Running,Healthy
T0105,3,81.7,95.7,41,11.0,410.2,92,99.0,9.1,277.5,3.01,40.9,Normal,Warning
T0106,23,78.9,90.3,19,11.0,313.5,69,92.4,30.2,395.7,4.23,73.3,Normal,Critical
T0107,29,70.7,84.0,34,11.0,167.5,36,86.4,30.2,426.9,3.49,68.9,Oil Pump Running,Warning
T0108,8,83.8,94.0,30,11.0,419.6,95,93.9,18.1,294.0,3.42,49.8,Fan Running,Warning
T0109,20,72.8,80.2,36,11.0,190.5,44,89.6,25.7,307.7,3.61,57.3,Normal,Warning
T0110,2,61.5,73.4,22,11.0,173.1,40,99.2,9.8,159.1,1.96,22.6,Normal,Healthy
T0111,29,89.1,96.8,42,11.0,371.8,84,85.6,34.3,516.7,4.69,88.9,Normal,Critical
T0112,16,67.1,79.1,21,11.0,224.8,51,92.2,21.3,273.3,2.76,46.0,Normal,Healthy
T0113,30,93.5,101.8,28,11.0,449.4,99,88.9,30.2,539.1,4.54,90.8,Normal,Critical
T0114,18,79.2,91.8,36,11.0,280.2,62,91.2,23.0,345.4,3.13,59.4,Normal,Warning
T0115,1,79.2,90.7,29,11.0,441.7,97,100.0,10.4,271.4,2.56,33.6,Normal,Warning
T0116,10,72.4,79.3,24,11.0,290.2,64,93.4,18.7,279.8,2.97,42.4,Normal,Healthy
T0117,4,81.2,93.2,30,11.0,381.3,85,98.6,11.4,238.2,2.52,35.6,Normal,Warning
T0118,13,79.8,86.8,38,11.0,289.5,64,95.2,20.0,270.0,3.03,47.0,Fan Running,Warning
T0119,22,82.2,91.7,35,11.0,346.4,76,91.1,24.4,409.7,4.22,64.9,Normal,Critical
T0120,9,70.6,84.4,27,11.0,246.6,54,96.4,15.3,222.2,2.88,32.6,Normal,Healthy
T0121,6,67.1,74.3,39,11.0,210.4,48,96.1,12.6,182.4,1.78,33.2,Normal,Healthy
T0122,7,80.4,89.6,30,11.0,427.7,94,97.7,14.6,305.9,2.94,39.0,Oil Pump Running,Warning
T0123,24,70.8,84.1,30,11.0,156.4,35,90.3,29.7,345.3,3.11,62.9,Oil Pump Running,Warning
T0124,28,78.6,88.2,25,11.0,258.0,58,88.9,29.0,431.2,4.31,77.7,Normal,Critical
T0125,9,84.7,95.7,31,11.0,430.5,96,96.8,18.8,303.0,3.31,51.9,Fan Running,Warning
T0126,27,73.1,83.4,33,11.0,210.6,48,90.1,33.2,407.2,3.45,70.9,Oil Pump Running,Warning
T0127,7,86.1,97.2,40,11.0,432.8,95,96.8,14.1,326.9,2.73,46.4,Fan Running,Warning
T0128,17,76.2,87.1,42,11.0,227.2,50,91.5,21.9,283.7,2.66,55.9,Normal,Warning
T0129,19,69.2,81.2,26,11.0,223.0,48,92.0,22.5,344.1,3.07,50.2,Normal,Healthy
T0130,30,79.4,90.5,42,11.0,193.0,43,87.8,31.4,453.8,3.83,76.2,Fan Running,Critical
T0131,15,72.3,82.0,27,11.0,234.0,51,92.2,22.2,303.2,3.33,49.1,Fan Running,Warning
T0132,1,74.3,85.5,41,11.0,312.1,70,99.0,10.5,165.1,2.45,20.0,Normal,Healthy
T0133,28,70.9,81.4,30,11.0,186.2,42,90.5,31.6,394.7,3.86,72.1,Normal,Warning
T0134,3,74.4,81.2,38,11.0,318.3,72,97.0,13.1,204.8,1.98,34.4,Oil Pump Running,Healthy
T0135,6,68.8,81.9,37,11.0,211.6,46,98.8,12.0,203.6,2.12,30.4,Fan Running,Healthy
T0136,22,70.1,78.0,21,11.0,219.2,50,90.7,24.0,358.0,3.12,60.4,Fan Running,Healthy
T0137,6,61.4,69.9,35,11.0,160.6,35,97.1,12.6,167.9,1.85,30.5,Normal,Healthy
T0138,6,81.1,87.3,38,11.0,366.3,81,98.0,16.4,251.8,3.11,37.9,Fan Running,Warning
T0139,25,67.4,76.8,22,11.0,169.5,39,87.5,30.0,358.5,3.75,63.9,Normal,Warning
T0140,10,78.6,89.0,31,11.0,356.2,78,94.5,19.0,290.2,2.95,41.9,Oil Pump Running,Warning
T0141,12,86.9,95.5,24,11.0,438.1,98,93.7,19.1,364.1,3.7,48.9,Oil Pump Running,Warning
T0142,29,72.8,79.7,30,11.0,177.2,41,89.5,32.1,428.0,3.46,71.8,Oil Pump Running,Warning
T0143,20,74.8,86.4,30,11.0,240.0,53,92.4,23.3,356.0,3.3,60.8,Normal,Warning
T0144,22,67.7,74.5,23,11.0,182.4,39,88.3,28.8,316.3,3.09,59.9,Normal,Warning
T0145,6,62.7,72.2,31,11.0,177.8,39,99.3,11.1,182.1,1.57,20.2,Fan Running,Healthy
T0146,19,87.4,93.5,40,11.0,385.2,86,92.4,26.8,430.8,3.78,64.2,Normal,Warning
T0147,3,82.2,89.4,38,11.0,419.7,95,95.8,12.5,237.3,3.09,30.6,Normal,Warning
T0148,5,61.9,72.4,33,11.0,165.7,37,98.7,15.5,156.0,2.09,25.1,Normal,Healthy
T0149,24,74.6,85.1,42,11.0,202.5,45,90.7,30.5,394.8,3.12,56.9,Normal,Warning
T0150,1,65.0,73.5,38,11.0,204.1,45,100.0,11.8,146.5,1.51,22.8,Fan Running,Healthy
T0151,16,73.6,86.0,39,11.0,249.8,56,93.8,22.6,307.1,2.96,54.0,Normal,Warning
T0152,26,86.6,93.1,42,11.0,354.1,77,90.1,31.8,443.9,4.31,82.8,Normal,Critical
T0153,20,88.8,96.7,27,11.0,398.7,89,90.9,26.6,402.1,3.89,70.7,Normal,Critical
T0154,9,79.2,92.6,26,11.0,404.7,89,97.3,14.9,286.4,3.4,52.6,Normal,Warning
T0155,9,85.7,92.4,35,11.0,441.9,98,97.4,14.4,341.0,3.59,45.4,Oil Pump Running,Warning
T0156,2,80.1,87.7,39,11.0,378.6,85,100.0,12.3,227.6,2.06,35.0,Normal,Warning
T0157,8,76.8,87.0,30,11.0,305.6,68,96.7,13.5,237.5,2.34,40.5,Normal,Warning
T0158,19,84.0,94.2,36,11.0,354.4,80,89.6,27.2,382.4,3.35,65.2,Normal,Warning
T0159,5,61.4,71.5,28,11.0,163.3,38,95.2,15.9,188.0,1.87,23.8,Normal,Healthy
T0160,30,86.6,100.1,42,11.0,319.3,70,89.1,35.8,465.2,4.0,78.6,Normal,Critical
T0161,13,60.8,71.3,20,11.0,176.9,38,94.1,22.1,270.6,2.13,40.2,Fan Running,Healthy
T0162,30,71.9,82.4,21,11.0,209.3,46,89.8,34.0,425.6,3.97,70.9,Normal,Warning
T0163,24,73.0,81.1,25,11.0,254.1,57,91.9,30.6,414.2,3.31,70.3,Fan Running,Warning
T0164,2,63.5,69.6,21,11.0,233.7,53,99.9,11.1,162.5,2.03,21.0,Normal,Healthy
T0165,9,67.8,76.9,30,11.0,224.1,50,97.4,18.7,253.5,2.37,39.9,Normal,Healthy
T0166,6,66.7,79.6,25,11.0,204.2,44,95.3,13.5,163.8,2.45,31.1,Normal,Healthy
T0167,15,81.5,91.4,28,11.0,344.1,76,91.7,19.3,315.4,3.51,55.0,Normal,Warning
T0168,15,75.2,83.1,22,11.0,302.9,69,93.9,19.8,346.2,2.98,47.1,Fan Running,Warning
T0169,29,74.9,85.0,33,11.0,222.6,49,89.3,34.8,431.6,4.29,69.2,Normal,Critical
T0170,12,79.3,92.7,31,11.0,299.6,68,93.6,21.0,269.4,3.15,43.2,Normal,Warning
T0171,15,81.9,91.4,34,11.0,355.6,78,95.7,19.7,337.6,2.94,53.7,Normal,Warning
T0172,19,73.6,83.8,23,11.0,229.7,52,90.3,24.8,353.7,3.59,58.1,Normal,Warning
T0173,6,67.3,78.9,24,11.0,239.0,52,97.5,12.0,177.9,2.41,27.9,Normal,Healthy
T0174,17,79.7,90.8,29,11.0,353.6,77,90.7,22.1,379.8,3.16,60.8,Normal,Warning
T0175,6,77.0,88.6,36,11.0,365.7,81,98.9,12.9,287.9,3.1,32.2,Normal,Warning
T0176,23,83.7,96.7,25,11.0,343.2,76,92.3,26.1,398.5,4.16,69.6,Normal,Critical
T0177,17,70.9,84.6,35,11.0,229.6,52,91.1,20.2,299.0,3.36,45.0,Normal,Healthy
T0178,30,81.2,93.9,40,11.0,267.7,59,87.3,31.4,454.7,4.1,73.9,Normal,Critical
T0179,2,64.6,75.3,26,11.0,229.2,50,96.8,8.3,183.1,1.88,17.0,Normal,Healthy
T0180,5,86.1,93.4,39,11.0,428.2,94,99.7,12.3,273.2,3.12,40.0,Fan Running,Warning
T0181,2,78.7,86.6,42,11.0,361.9,81,98.4,13.5,240.3,2.73,33.9,Oil Pump Running,Warning
T0182,2,69.1,82.6,28,11.0,234.5,53,98.3,11.4,157.9,1.92,15.8,Fan Running,Healthy
T0183,7,62.6,72.0,34,11.0,164.9,37,99.2,14.3,156.8,2.46,32.8,Normal,Healthy
T0184,2,77.0,87.9,38,11.0,312.6,69,100.0,7.8,174.0,1.82,19.9,Normal,Warning
T0185,2,63.5,74.7,27,11.0,214.4,49,99.2,13.3,158.8,1.62,19.8,Oil Pump Running,Healthy
T0186,30,87.1,94.1,22,11.0,406.2,91,87.0,31.7,506.6,4.4,89.4,Fan Running,Critical
T0187,20,81.0,88.6,40,11.0,286.9,63,91.3,25.3,372.8,3.47,57.9,Normal,Warning
T0188,11,71.4,80.4,25,11.0,266.9,59,92.7,16.9,289.7,2.48,41.9,Fan Running,Healthy
T0189,9,70.8,83.0,27,11.0,273.5,62,93.7,18.4,250.4,2.21,36.6,Fan Running,Healthy
T0190,12,72.0,85.9,41,11.0,218.8,48,96.9,18.1,266.1,2.29,36.0,Oil Pump Running,Healthy
T0191,28,75.6,87.5,26,11.0,215.7,47,88.2,33.1,426.5,4.25,66.8,Normal,Critical
T0192,1,65.6,79.3,31,11.0,226.2,50,98.7,11.5,172.4,1.86,16.9,Fan Running,Healthy
T0193,23,83.4,91.7,32,11.0,317.8,71,90.6,26.7,401.3,4.13,73.3,Fan Running,Critical
T0194,13,76.9,85.3,32,11.0,322.8,73,94.7,19.9,291.3,3.48,47.1,Oil Pump Running,Healthy
T0195,27,81.9,91.3,25,11.0,348.6,76,86.3,27.9,465.9,4.27,83.8,Normal,Critical
T0196,18,88.1,98.2,37,11.0,408.0,90,91.7,22.5,405.7,3.66,70.3,Normal,Warning
T0197,17,69.0,79.0,25,11.0,213.9,47,94.8,20.5,285.3,2.92,48.3,Oil Pump Running,Healthy
T0198,29,89.0,101.0,36,11.0,344.5,78,87.2,31.4,460.5,4.3,78.7,Normal,Critical
T0199,23,93.5,102.9,28,11.0,444.5,100,89.2,27.5,470.3,4.08,73.4,Oil Pump Running,Critical
T0200,20,81.7,92.7,21,11.0,363.6,80,92.5,22.1,370.2,3.97,66.2,Normal,Critical
T0201,13,64.1,71.6,21,11.0,162.0,36,94.6,18.0,250.8,2.52,44.8,Oil Pump Running,Healthy
T0202,7,65.9,76.1,31,11.0,225.2,50,94.3,12.1,236.9,2.23,30.1,Fan Running,Healthy
T0203,26,68.9,79.5,19,11.0,156.3,36,87.8,28.5,344.0,3.65,69.0,Oil Pump Running,Warning
T0204,3,68.8,77.9,29,11.0,258.4,59,100.0,11.9,215.6,2.02,26.8,Normal,Healthy
T0205,8,69.8,82.6,19,11.0,244.5,55,98.3,17.3,218.2,2.5,40.0,Fan Running,Healthy
T0206,3,77.9,88.6,25,11.0,376.6,84,97.8,12.7,209.3,2.82,27.3,Normal,Warning
T0207,12,69.6,82.7,30,11.0,259.3,58,94.0,17.6,298.3,2.63,44.9,Normal,Healthy
T0208,14,75.3,85.0,29,11.0,294.5,66,93.6,18.9,283.5,3.34,45.9,Normal,Healthy
T0209,3,71.6,83.9,24,11.0,311.4,69,98.1,13.2,192.4,2.12,24.5,Fan Running,Healthy
T0210,13,74.8,84.6,38,11.0,269.8,61,96.1,20.5,318.5,3.35,47.0,Fan Running,Warning
T0211,19,77.4,87.5,29,11.0,291.0,66,93.2,25.3,337.5,3.79,62.4,Fan Running,Warning
T0212,1,67.6,76.7,39,11.0,231.9,53,97.5,11.9,145.3,1.96,14.3,Oil Pump Running,Healthy
T0213,30,95.5,103.0,29,11.0,449.0,99,85.4,31.7,557.0,4.81,89.3,Fan Running,Critical
T0214,25,80.0,87.4,38,11.0,227.4,51,91.0,30.1,415.8,3.27,69.4,Fan Running,Critical
T0215,8,81.1,87.9,30,11.0,356.7,80,95.2,16.1,263.2,2.98,40.3,Oil Pump Running,Warning
T0216,6,72.7,79.9,31,11.0,273.8,60,97.4,14.6,246.5,2.39,28.0,Fan Running,Healthy
T0217,23,83.7,95.1,34,11.0,302.7,67,92.5,25.1,419.8,3.95,72.8,Oil Pump Running,Critical
T0218,20,75.2,86.6,40,11.0,177.1,41,90.6,26.7,312.7,3.51,52.7,Fan Running,Warning
T0219,24,79.6,86.3,37,11.0,290.6,63,89.5,30.8,417.5,4.03,72.7,Fan Running,Critical
T0220,17,72.5,82.6,19,11.0,281.4,61,90.8,24.2,304.6,3.41,57.8,Normal,Warning
T0221,6,73.2,84.3,35,11.0,248.2,55,95.8,11.2,201.5,2.17,26.1,Normal,Healthy
T0222,5,82.5,90.4,22,11.0,432.4,97,97.6,12.7,310.2,2.73,38.0,Normal,Warning
T0223,19,78.4,90.9,36,11.0,293.3,65,93.2,22.2,370.0,3.54,58.5,Fan Running,Warning
T0224,27,75.1,81.2,24,11.0,220.3,49,86.4,33.0,396.2,3.48,67.7,Normal,Critical
T0225,6,81.1,90.0,28,11.0,404.2,91,95.0,10.9,311.5,3.07,35.4,Normal,Warning
T0226,24,80.1,90.0,36,11.0,304.9,68,88.3,28.5,386.5,4.28,71.8,Oil Pump Running,Critical
T0227,30,86.6,93.2,41,11.0,305.5,67,85.1,32.4,452.7,4.25,87.6,Oil Pump Running,Critical
T0228,28,78.2,89.9,39,11.0,249.0,56,88.9,30.7,440.8,3.89,70.8,Normal,Critical
T0229,18,76.3,82.7,29,11.0,302.6,67,92.9,25.3,366.3,3.77,63.4,Fan Running,Warning
T0230,14,76.1,86.9,33,11.0,249.5,55,92.1,18.6,268.3,3.01,44.7,Normal,Warning
T0231,28,90.9,102.7,32,11.0,424.0,96,90.0,33.5,529.2,4.62,83.5,Normal,Critical
T0232,17,89.9,96.4,40,11.0,388.1,88,95.0,20.7,399.5,3.57,55.5,Oil Pump Running,Warning
T0233,22,76.9,87.2,29,11.0,270.3,60,90.3,26.8,387.5,3.3,62.2,Oil Pump Running,Warning
T0234,20,69.0,77.7,20,11.0,191.5,42,91.8,24.5,316.1,3.29,49.4,Normal,Healthy
T0235,17,71.7,79.5,38,11.0,174.8,38,93.7,20.5,290.7,2.89,52.7,Normal,Healthy
T0236,17,84.3,91.2,25,11.0,404.4,91,94.6,22.9,368.7,4.05,59.6,Normal,Critical
T0237,7,76.0,83.8,34,11.0,300.8,67,96.9,15.8,258.1,2.89,36.5,Fan Running,Healthy
T0238,22,83.5,93.5,20,11.0,409.6,91,92.4,29.3,449.6,4.54,73.0,Fan Running,Critical
T0239,27,90.6,104.3,39,11.0,377.6,85,88.6,28.2,472.4,4.53,79.8,Normal,Critical
T0240,12,63.4,77.0,19,11.0,161.4,36,92.8,16.4,256.5,2.04,42.7,Normal,Healthy
T0241,19,78.9,90.8,21,11.0,357.5,80,93.2,25.3,409.5,3.36,61.8,Oil Pump Running,Warning
T0242,12,86.3,97.1,41,11.0,430.1,97,94.9,20.4,330.8,3.81,56.9,Normal,Critical
T0243,12,80.1,94.0,24,11.0,413.0,92,96.2,18.5,318.4,3.13,48.6,Normal,Warning
T0244,28,92.0,102.7,39,11.0,369.5,83,90.8,33.0,472.1,4.42,76.2,Normal,Critical
T0245,16,90.7,103.1,34,11.0,424.6,96,91.5,23.7,402.8,3.63,62.0,Normal,Warning
T0246,23,85.3,99.0,32,11.0,382.8,85,89.6,27.6,428.7,3.77,74.6,Normal,Warning
T0247,6,81.5,91.3,29,11.0,430.0,94,96.2,12.8,287.0,2.65,38.4,Oil Pump Running,Warning
T0248,2,70.2,77.4,38,11.0,236.7,53,96.5,13.5,157.4,1.96,22.5,Normal,Healthy
T0249,23,72.6,84.8,19,11.0,213.6,47,91.0,26.6,350.9,3.74,66.4,Normal,Warning
T0250,22,82.1,90.9,20,11.0,326.3,73,92.5,25.1,428.4,4.02,65.2,Normal,Critical
T0251,22,89.4,102.6,28,11.0,436.9,96,93.2,24.5,434.3,4.56,76.5,Fan Running,Critical
T0252,15,81.6,92.3,30,11.0,322.8,73,94.6,19.5,340.3,3.41,59.5,Normal,Warning
T0253,30,74.3,82.7,24,11.0,200.2,45,87.3,35.8,441.4,4.2,80.5,Fan Running,Critical
T0254,11,77.0,87.4,23,11.0,319.1,70,95.7,16.2,261.2,2.49,43.8,Oil Pump Running,Warning
T0255,10,67.1,79.0,34,11.0,218.9,47,96.0,14.5,252.6,2.77,33.5,Normal,Healthy
T0256,1,70.8,83.8,24,11.0,312.7,69,100.0,8.1,177.6,2.3,26.1,Fan Running,Healthy
T0257,20,83.1,96.0,39,11.0,355.7,78,89.4,25.7,412.6,4.19,63.6,Fan Running,Critical
T0258,28,71.6,82.1,18,11.0,178.8,38,86.1,32.1,409.4,3.57,63.6,Normal,Warning
T0259,7,63.5,72.4,22,11.0,204.5,46,97.6,16.8,181.2,2.61,30.3,Normal,Healthy
T0260,24,84.5,94.4,37,11.0,298.5,68,90.6,29.1,419.0,4.09,70.7,Normal,Critical
T0261,17,77.6,83.7,34,11.0,314.6,70,93.5,24.2,341.7,3.82,53.0,Normal,Warning
T0262,30,72.4,82.8,18,11.0,229.3,52,88.9,31.6,450.4,4.33,82.3,Normal,Critical
T0263,17,80.6,88.6,18,11.0,363.2,79,92.7,23.4,358.7,3.8,58.7,Normal,Warning
T0264,26,72.7,78.8,18,11.0,220.9,48,91.2,30.8,387.0,3.49,66.3,Fan Running,Warning
T0265,22,77.5,83.7,38,11.0,286.8,63,89.4,25.7,375.6,3.59,61.5,Fan Running,Warning
T0266,7,70.9,84.4,36,11.0,251.8,55,99.0,12.4,208.0,1.96,25.6,Normal,Healthy
T0267,6,79.9,86.3,28,11.0,418.5,92,98.9,15.2,256.8,3.11,40.3,Fan Running,Warning
T0268,28,83.4,95.8,22,11.0,322.9,73,90.4,29.2,454.2,4.31,77.5,Normal,Critical
T0269,15,83.0,91.8,39,11.0,389.2,85,94.6,23.3,388.8,3.05,53.5,Normal,Warning
T0270,2,81.5,92.1,22,11.0,448.7,99,99.8,7.9,281.6,2.27,30.1,Fan Running,Warning
T0271,5,78.7,86.5,34,11.0,401.1,89,98.2,13.3,297.6,2.76,42.6,Normal,Warning
T0272,12,74.2,82.4,24,11.0,278.3,63,93.5,16.0,258.6,2.87,43.2,Oil Pump Running,Healthy
T0273,12,62.9,69.2,26,11.0,161.3,36,93.6,17.6,226.6,2.85,39.5,Normal,Healthy
T0274,13,79.4,88.5,31,11.0,331.9,75,95.6,21.7,338.2,3.5,51.8,Normal,Warning
T0275,20,81.1,93.0,34,11.0,309.4,67,93.1,26.0,349.2,3.68,55.5,Normal,Warning
T0276,13,82.9,92.4,40,11.0,344.7,76,94.1,19.9,320.4,3.29,49.9,Normal,Warning
T0277,19,83.8,94.8,35,11.0,377.4,83,91.3,25.5,389.6,3.78,65.9,Normal,Warning
T0278,3,75.3,87.4,38,11.0,279.7,63,100.0,13.5,186.9,2.22,27.3,Normal,Warning
T0279,3,80.2,90.4,42,11.0,369.5,81,97.0,9.4,251.3,2.4,33.6,Normal,Warning
T0280,11,82.2,94.8,30,11.0,358.5,81,93.4,16.3,288.2,2.95,51.7,Oil Pump Running,Warning
T0281,10,66.8,75.1,32,11.0,206.1,46,93.6,17.8,245.8,2.12,35.5,Normal,Healthy
T0282,22,82.6,93.9,22,11.0,366.5,81,90.8,28.4,407.2,4.01,63.3,Normal,Critical
T0283,2,68.6,78.9,36,11.0,263.2,57,97.5,9.2,170.3,1.98,22.5,Normal,Healthy
T0284,7,82.2,90.5,22,11.0,405.0,89,98.8,15.9,280.5,2.48,45.5,Fan Running,Warning
T0285,14,77.7,86.7,38,11.0,302.8,67,96.0,18.3,342.3,3.28,47.9,Normal,Warning
T0286,11,66.7,75.7,20,11.0,202.9,45,95.1,20.2,255.4,2.05,38.2,Fan Running,Healthy
T0287,30,91.0,100.8,32,11.0,411.2,90,87.2,32.9,520.7,5.04,90.7,Normal,Critical
T0288,13,70.5,78.9,35,11.0,177.3,40,93.7,19.2,225.4,2.87,40.4,Normal,Healthy
T0289,4,68.0,75.8,33,11.0,206.3,46,99.5,10.4,162.1,2.26,24.0,Fan Running,Healthy
T0290,27,81.0,93.5,36,11.0,240.0,52,86.9,29.6,415.1,3.43,77.5,Normal,Critical
T0291,17,68.3,76.3,26,11.0,212.7,46,93.0,22.7,297.2,2.57,46.8,Fan Running,Healthy
T0292,26,80.4,87.5,31,11.0,296.8,67,89.9,32.4,443.4,4.24,68.9,Normal,Critical
T0293,7,66.5,72.6,32,11.0,177.6,41,99.0,16.5,164.1,1.84,27.0,Normal,Healthy
T0294,23,87.2,99.0,24,11.0,413.8,93,88.8,25.5,477.5,3.9,70.7,Normal,Critical
T0295,27,92.4,105.8,37,11.0,442.0,98,90.2,30.6,516.4,4.8,82.2,Normal,Critical
T0296,18,73.2,84.9,23,11.0,238.8,53,92.1,21.6,301.5,2.77,49.8,Normal,Warning
T0297,23,86.3,92.7,32,11.0,403.6,89,88.0,29.4,435.6,3.93,75.3,Normal,Critical
T0298,23,75.7,83.8,35,11.0,243.8,54,88.9,30.1,387.9,3.35,69.9,Normal,Warning
T0299,13,74.2,84.6,22,11.0,317.5,72,94.1,20.8,309.8,3.25,44.1,Normal,Warning
T0300,4,75.7,89.2,39,11.0,274.9,61,96.9,11.3,217.0,2.18,33.4,Normal,Warning
T0301,7,77.7,88.5,33,11.0,315.7,70,94.6,12.4,236.3,2.93,41.0,Normal,Warning
T0302,19,68.5,75.3,27,11.0,167.5,39,90.4,22.1,296.0,2.72,49.3,Fan Running,Healthy
T0303,8,76.6,88.9,28,11.0,361.3,81,94.1,15.8,257.7,2.89,45.5,Oil Pump Running,Warning
T0304,13,64.1,74.2,32,11.0,169.1,39,95.0,17.2,252.7,2.41,37.6,Normal,Healthy
T0305,12,65.6,78.4,23,11.0,213.0,46,94.6,16.5,227.6,2.92,34.3,Fan Running,Healthy
T0306,9,68.8,76.8,35,11.0,226.1,50,93.6,14.7,257.0,2.21,35.2,Normal,Healthy
T0307,30,91.3,98.1,25,11.0,439.2,99,85.3,34.8,550.1,4.64,94.4,Normal,Critical
T0308,25,76.7,90.7,23,11.0,241.8,54,90.1,26.7,402.2,3.41,69.8,Normal,Warning
T0309,8,85.7,92.2,25,11.0,445.9,100,96.8,18.3,292.5,3.26,50.0,Normal,Warning
T0310,11,82.9,90.3,20,11.0,420.1,94,97.3,19.5,309.9,3.56,47.1,Oil Pump Running,Warning
T0311,22,75.2,87.4,23,11.0,238.3,54,92.8,27.7,380.5,3.12,55.2,Fan Running,Warning
T0312,2,78.4,90.5,33,11.0,348.7,77,97.2,11.4,234.7,2.55,23.3,Normal,Warning
T0313,19,88.7,100.7,23,11.0,435.2,98,93.5,26.8,450.3,4.22,73.2,Oil Pump Running,Critical
T0314,6,81.5,93.8,31,11.0,383.9,84,96.1,16.6,269.9,3.13,33.7,Normal,Warning
T0315,25,77.2,86.9,25,11.0,288.3,65,89.5,31.4,431.1,4.12,69.6,Fan Running,Critical
T0316,26,89.2,98.4,38,11.0,344.4,78,89.9,31.8,446.4,4.32,81.3,Normal,Critical
T0317,1,81.7,95.3,27,11.0,442.6,97,99.0,9.3,232.0,2.23,33.2,Normal,Warning
T0318,12,85.9,94.3,30,11.0,416.4,94,93.6,19.8,344.5,3.52,57.7,Normal,Warning
T0319,7,65.8,79.0,39,11.0,178.2,40,95.9,12.5,170.0,1.94,31.6,Fan Running,Healthy
T0320,10,81.2,91.3,33,11.0,345.3,75,93.9,19.0,269.7,2.92,37.5,Normal,Warning
T0321,4,80.8,92.0,25,11.0,422.3,93,98.8,15.1,280.1,2.95,39.6,Normal,Warning
T0322,30,86.9,93.6,42,11.0,303.5,67,87.2,35.7,465.7,4.51,83.3,Fan Running,Critical
T0323,17,73.7,83.7,39,11.0,186.8,42,95.1,19.9,314.1,3.08,48.8,Fan Running,Warning
T0324,10,91.8,103.7,42,11.0,454.0,100,93.2,16.0,318.2,3.72,56.6,Normal,Warning
T0325,7,84.1,93.2,36,11.0,454.0,100,97.4,13.3,325.7,2.89,46.1,Fan Running,Warning
T0326,18,72.5,83.9,31,11.0,200.6,45,94.6,24.7,321.5,2.84,46.6,Oil Pump Running,Warning
T0327,16,81.2,88.8,19,11.0,360.4,79,90.9,20.6,359.2,3.61,62.5,Oil Pump Running,Warning
T0328,10,82.6,90.1,30,11.0,361.5,81,97.7,15.2,291.3,2.94,40.7,Normal,Warning
T0329,12,77.9,91.6,30,11.0,333.8,75,93.2,21.1,307.0,3.36,49.8,Normal,Warning
T0330,2,72.3,82.1,22,11.0,315.9,70,99.6,12.1,186.5,2.05,31.9,Oil Pump Running,Healthy
T0331,26,73.2,85.4,27,11.0,217.7,50,90.7,30.2,391.2,4.16,65.5,Normal,Critical
T0332,29,74.6,86.0,20,11.0,210.1,47,89.4,29.9,412.4,4.08,79.7,Normal,Critical
T0333,25,89.3,101.6,30,11.0,387.9,85,89.0,29.0,450.2,4.6,79.8,Normal,Critical
T0334,18,88.9,102.1,41,11.0,385.6,87,91.5,20.8,388.8,3.74,68.2,Normal,Warning
T0335,19,83.7,95.6,31,11.0,391.6,86,92.8,26.3,379.9,3.55,69.8,Normal,Warning
T0336,17,79.3,91.2,21,11.0,324.6,71,93.4,24.9,329.9,3.58,59.4,Oil Pump Running,Warning
T0337,29,74.8,85.6,26,11.0,193.6,43,88.4,34.6,404.6,3.76,73.3,Normal,Warning
T0338,12,62.4,76.1,18,11.0,193.5,44,94.5,20.2,244.8,2.55,44.9,Oil Pump Running,Healthy
T0339,18,67.3,80.0,37,11.0,169.3,39,90.9,24.2,288.4,2.79,50.1,Normal,Healthy
T0340,18,80.1,92.6,24,11.0,320.1,71,90.0,25.1,333.7,3.48,57.8,Normal,Warning
T0341,21,71.5,80.7,26,11.0,207.2,46,91.5,24.2,364.1,3.74,61.3,Oil Pump Running,Healthy
T0342,11,75.0,84.9,39,11.0,295.6,67,94.9,18.9,296.5,2.81,41.5,Normal,Healthy
T0343,4,67.4,74.9,30,11.0,255.8,56,98.0,11.8,173.9,2.29,22.4,Normal,Healthy
T0344,7,78.2,91.8,35,11.0,330.7,72,97.8,15.9,227.8,2.35,30.8,Oil Pump Running,Warning
T0345,9,81.1,91.6,35,11.0,357.1,80,95.2,13.8,304.4,3.08,42.5,Normal,Warning
T0346,26,94.6,103.3,40,11.0,424.2,93,88.4,32.1,485.2,4.1,79.3,Normal,Critical
T0347,16,68.9,76.9,22,11.0,214.2,48,92.4,22.7,322.3,2.65,45.0,Oil Pump Running,Healthy
T0348,14,83.5,96.6,42,11.0,377.0,84,92.1,17.9,361.7,3.4,48.6,Normal,Warning
T0349,15,68.7,79.3,42,11.0,186.6,40,95.3,20.0,273.6,2.68,47.0,Normal,Healthy
T0350,1,70.4,79.5,25,11.0,268.2,61,99.6,7.6,154.0,1.91,22.9,Fan Running,Healthy
T0351,25,71.5,78.9,20,11.0,186.9,41,91.3,31.9,385.0,3.51,68.7,Oil Pump Running,Warning
T0352,5,82.1,88.6,21,11.0,436.8,98,99.9,11.4,279.5,3.14,45.1,Normal,Warning
T0353,8,71.3,77.6,21,11.0,262.8,60,95.0,18.0,223.2,2.64,41.1,Oil Pump Running,Healthy
T0354,30,80.8,90.5,31,11.0,305.7,68,89.8,34.6,498.9,4.02,77.3,Oil Pump Running,Critical
T0355,6,85.6,95.7,37,11.0,457.3,100,96.5,16.1,274.3,2.57,45.4,Normal,Warning
T0356,17,72.2,83.5,35,11.0,199.8,44,92.5,23.6,301.6,2.68,44.6,Oil Pump Running,Warning
T0357,26,77.5,88.7,32,11.0,269.8,61,88.7,27.5,450.6,3.99,69.9,Normal,Critical
T0358,3,76.3,89.1,41,11.0,286.1,65,97.6,10.2,215.7,1.86,28.4,Normal,Warning
T0359,25,65.7,72.1,24,11.0,160.4,35,90.8,27.3,353.1,3.87,67.5,Oil Pump Running,Warning
T0360,21,72.6,85.3,24,11.0,206.0,45,88.8,26.9,361.0,3.22,61.9,Normal,Warning
T0361,20,85.1,92.2,27,11.0,414.1,91,93.2,22.2,414.9,3.66,64.4,Fan Running,Warning
T0362,25,84.5,92.5,37,11.0,340.6,76,87.1,27.4,465.2,4.5,72.1,Normal,Critical
T0363,29,74.5,81.4,28,11.0,207.7,45,87.0,33.0,412.0,3.95,79.1,Normal,Critical
T0364,7,66.5,76.9,34,11.0,191.5,41,96.2,17.1,203.4,2.51,22.5,Normal,Healthy
T0365,7,63.4,72.9,27,11.0,155.9,36,98.9,15.3,188.9,1.71,32.1,Normal,Healthy
T0366,25,79.7,93.3,30,11.0,290.5,66,91.3,29.8,429.1,4.09,74.4,Normal,Critical
T0367,21,69.6,78.1,20,11.0,186.5,43,88.9,22.9,327.7,2.92,51.4,Fan Running,Healthy
T0368,21,83.9,93.5,34,11.0,321.4,70,89.9,25.2,401.8,3.4,70.9,Normal,Warning
T0369,28,85.4,93.1,32,11.0,349.2,78,89.7,29.0,458.5,4.26,78.8,Oil Pump Running,Critical
T0370,1,64.2,71.5,24,11.0,200.5,44,99.5,10.8,118.8,1.34,11.5,Normal,Healthy
T0371,13,68.2,76.0,26,11.0,200.0,46,91.9,21.5,239.8,3.07,39.5,Normal,Healthy
T0372,5,71.9,79.3,29,11.0,304.1,67,99.4,15.5,203.9,2.6,37.2,Normal,Healthy
T0373,8,75.7,87.8,38,11.0,271.2,59,95.0,17.8,223.8,2.03,30.0,Fan Running,Warning
T0374,27,79.5,89.3,29,11.0,292.3,65,86.7,30.9,439.5,4.01,74.8,Normal,Critical
T0375,30,89.0,96.0,25,11.0,393.6,89,86.8,32.8,544.2,4.78,82.6,Normal,Critical
T0376,16,78.7,91.7,41,11.0,286.4,62,94.9,19.5,350.6,3.19,48.7,Normal,Warning
T0377,17,73.1,82.9,28,11.0,278.5,62,94.9,24.3,311.9,3.52,55.8,Normal,Warning
T0378,7,75.1,86.7,26,11.0,364.1,81,95.5,14.7,279.7,3.04,45.0,Fan Running,Warning
T0379,22,72.9,80.8,41,11.0,175.5,39,91.2,27.5,316.7,3.53,63.0,Normal,Warning
T0380,28,79.9,86.1,29,11.0,260.3,58,89.4,31.1,457.0,3.86,81.1,Normal,Critical
T0381,10,81.0,94.5,41,11.0,335.9,75,96.4,14.1,316.9,2.66,43.7,Oil Pump Running,Warning
T0382,28,96.4,104.1,41,11.0,443.0,97,86.8,31.2,502.6,4.96,83.6,Normal,Critical
T0383,2,67.6,78.9,31,11.0,248.9,57,98.1,8.6,193.7,1.51,24.0,Normal,Healthy
T0384,20,89.6,101.3,32,11.0,421.7,95,90.2,22.7,457.6,3.72,65.3,Oil Pump Running,Warning
T0385,5,79.9,86.4,36,11.0,337.7,76,95.8,13.5,239.1,2.43,39.3,Normal,Warning
T0386,28,83.7,95.4,22,11.0,304.0,69,88.0,33.3,486.0,4.6,72.6,Normal,Critical
T0387,28,84.9,94.0,22,11.0,392.8,88,89.1,32.6,501.0,4.51,83.9,Oil Pump Running,Critical
T0388,19,88.4,102.1,39,11.0,364.1,82,89.8,26.6,398.2,3.45,66.6,Normal,Warning
T0389,21,84.3,94.5,25,11.0,394.3,87,89.0,27.2,431.5,3.95,71.8,Normal,Critical
T0390,15,82.6,94.3,33,11.0,353.4,78,91.9,23.8,363.1,3.11,54.0,Normal,Warning
T0391,18,87.8,101.0,31,11.0,382.7,86,93.5,22.6,401.8,3.96,58.5,Normal,Critical
T0392,21,76.2,86.3,24,11.0,316.7,69,91.7,26.7,386.2,3.64,62.0,Oil Pump Running,Warning
T0393,12,82.4,94.9,29,11.0,408.1,90,95.6,20.3,333.6,2.97,54.2,Normal,Warning
T0394,27,81.7,93.3,35,11.0,282.0,61,87.2,32.2,420.1,3.81,78.0,Oil Pump Running,Critical
T0395,15,67.9,74.1,39,11.0,180.6,40,94.6,19.6,244.2,2.27,39.3,Normal,Healthy
T0396,1,66.6,79.8,23,11.0,292.6,64,97.8,6.9,152.9,1.63,18.8,Fan Running,Healthy
T0397,11,76.0,85.3,20,11.0,355.2,79,93.9,15.1,283.0,2.74,41.9,Oil Pump Running,Healthy
T0398,2,72.4,85.3,40,11.0,303.3,68,98.7,8.4,202.3,2.58,29.9,Normal,Healthy
T0399,27,91.3,103.0,40,11.0,396.2,89,90.2,32.4,463.7,4.57,78.2,Fan Running,Critical
T0400,26,81.5,94.1,32,11.0,287.6,64,88.8,26.9,454.0,3.74,77.1,Fan Running,Warning
T0401,8,77.5,87.7,42,11.0,303.3,68,94.1,13.8,227.4,2.63,34.1,Fan Running,Warning
T0402,20,72.5,81.0,24,11.0,263.6,58,90.3,22.9,339.6,3.66,63.2,Normal,Warning
T0403,13,75.4,86.3,28,11.0,326.4,74,92.0,19.5,297.1,3.51,54.6,Fan Running,Warning
T0404,1,70.7,80.8,24,11.0,342.3,76,98.4,11.1,203.8,2.44,21.2,Normal,Healthy
T0405,20,86.9,94.9,30,11.0,407.7,90,90.1,23.9,418.6,4.14,72.0,Normal,Critical
T0406,18,82.2,89.0,32,11.0,336.8,75,93.0,22.1,342.2,3.97,65.3,Normal,Critical
T0407,3,61.6,68.2,32,11.0,179.5,39,99.7,11.0,123.1,1.64,13.9,Normal,Healthy
T0408,2,65.9,77.5,27,11.0,231.1,52,100.0,11.2,158.4,1.64,19.6,Fan Running,Healthy
T0409,23,82.3,90.2,28,11.0,372.0,81,88.4,26.0,446.4,4.39,77.1,Fan Running,Critical
T0410,8,75.4,84.5,23,11.0,314.7,71,97.7,16.9,286.9,2.67,43.6,Oil Pump Running,Healthy
T0411,11,62.5,72.2,25,11.0,178.8,38,93.3,19.9,215.3,2.07,38.1,Normal,Healthy
T0412,22,82.9,88.9,24,11.0,391.7,88,89.9,28.3,421.3,3.66,65.9,Normal,Critical
T0413,8,77.0,85.5,28,11.0,312.4,69,95.8,14.1,284.6,2.2,40.5,Oil Pump Running,Healthy
T0414,25,73.5,85.4,25,11.0,188.6,41,91.1,27.5,381.4,3.43,68.2,Normal,Warning
T0415,8,80.3,86.7,35,11.0,357.3,78,94.7,14.3,292.5,3.11,46.8,Oil Pump Running,Warning
T0416,21,88.4,98.1,19,11.0,417.9,93,92.3,27.8,449.8,3.95,65.7,Normal,Critical
T0417,11,60.6,67.1,18,11.0,164.1,38,96.3,16.0,223.7,2.27,38.8,Fan Running,Healthy
T0418,10,85.7,94.4,38,11.0,432.9,95,96.7,16.1,354.9,3.32,56.5,Oil Pump Running,Warning
T0419,3,81.1,94.2,33,11.0,416.6,92,96.8,10.6,245.8,3.04,37.6,Normal,Warning
T0420,21,70.8,81.4,36,11.0,167.9,39,89.3,28.8,309.0,2.99,55.4,Normal,Warning
T0421,4,60.9,73.9,25,11.0,196.9,42,97.6,11.5,176.6,2.26,18.2,Normal,Healthy
T0422,11,73.1,85.2,34,11.0,253.2,58,97.0,18.4,258.7,3.0,46.1,Normal,Healthy
T0423,6,66.3,75.2,18,11.0,227.3,49,95.6,10.9,198.1,2.51,33.4,Normal,Healthy
T0424,17,74.1,81.2,32,11.0,245.1,54,94.2,22.1,324.1,2.89,48.8,Fan Running,Warning
T0425,7,81.5,93.7,34,11.0,427.8,94,98.7,12.6,315.0,3.01,40.2,Normal,Warning
T0426,8,74.8,82.4,37,11.0,257.9,57,97.4,16.9,246.7,2.63,31.6,Fan Running,Healthy
T0427,30,74.8,80.8,34,11.0,190.4,41,89.3,35.4,425.6,3.86,71.5,Normal,Critical
T0428,21,81.1,92.9,24,11.0,358.9,78,89.7,28.0,397.4,3.77,64.4,Normal,Critical
T0429,15,67.7,76.2,20,11.0,238.6,53,91.9,20.9,292.4,3.36,47.2,Normal,Healthy
T0430,16,75.7,85.8,34,11.0,270.0,60,91.8,20.9,313.0,2.74,46.3,Fan Running,Warning
T0431,11,82.3,92.0,29,11.0,387.9,85,95.3,15.0,337.1,3.13,49.1,Fan Running,Warning
T0432,14,78.3,89.6,37,11.0,332.4,73,91.4,21.3,333.6,3.35,50.1,Normal,Warning
T0433,19,77.7,91.2,36,11.0,284.3,63,91.4,22.3,332.9,3.78,62.3,Normal,Warning
T0434,20,88.2,96.4,28,11.0,432.3,96,89.1,25.3,449.5,3.89,76.0,Normal,Critical
T0435,11,81.0,91.5,26,11.0,383.7,84,92.7,19.6,292.0,3.41,50.4,Normal,Warning
T0436,9,77.4,84.7,28,11.0,322.5,71,93.5,14.4,245.6,3.03,36.2,Normal,Healthy
T0437,8,78.0,89.9,19,11.0,408.5,90,98.4,18.1,303.1,3.37,39.2,Normal,Warning
T0438,14,67.1,80.0,24,11.0,178.2,40,91.9,22.4,275.2,2.72,47.7,Normal,Healthy
T0439,3,62.9,69.1,19,11.0,250.8,55,99.0,9.1,159.7,1.72,25.4,Normal,Healthy
T0440,12,80.5,89.8,21,11.0,404.1,90,94.6,15.7,350.4,3.67,48.2,Normal,Warning
T0441,26,72.0,83.0,29,11.0,195.5,42,90.5,30.1,407.1,3.19,65.3,Normal,Warning
T0442,20,85.8,95.9,38,11.0,345.4,78,89.2,26.7,397.0,3.75,67.3,Normal,Warning
T0443,23,71.0,84.3,38,11.0,160.7,35,92.5,29.5,331.7,3.46,54.0,Fan Running,Warning
T0444,24,88.8,98.6,39,11.0,392.8,87,92.3,26.2,477.7,3.94,82.0,Normal,Critical
T0445,26,75.3,86.8,39,11.0,154.6,35,90.4,28.4,376.7,3.21,68.6,Fan Running,Critical
T0446,9,85.1,97.2,20,11.0,430.9,97,97.2,16.6,348.4,3.26,47.7,Normal,Warning
T0447,3,66.0,74.2,36,11.0,227.8,52,100.0,11.1,187.6,1.74,26.1,Normal,Healthy
T0448,4,82.7,91.1,19,11.0,434.0,98,96.7,13.9,258.3,2.81,38.9,Oil Pump Running,Warning
T0449,14,80.3,93.2,42,11.0,313.4,70,96.2,20.0,297.1,3.36,45.9,Normal,Warning
T0450,2,67.0,79.8,37,11.0,235.2,51,97.5,10.6,158.7,1.43,15.4,Normal,Healthy
T0451,7,86.3,93.0,32,11.0,424.2,95,98.4,15.3,327.4,3.12,47.4,Normal,Warning
T0452,27,82.1,89.4,34,11.0,312.9,68,88.6,32.3,431.0,4.51,72.3,Oil Pump Running,Critical
T0453,10,70.3,80.6,42,11.0,199.2,43,95.2,14.6,250.8,2.64,36.8,Fan Running,Healthy
T0454,8,85.5,95.7,38,11.0,418.1,94,95.1,15.5,285.2,2.89,50.8,Normal,Warning
T0455,29,93.1,101.2,33,11.0,425.4,95,88.2,33.8,525.4,4.45,93.0,Normal,Critical
T0456,13,68.6,76.9,21,11.0,231.3,52,94.7,17.5,290.2,2.59,42.6,Normal,Healthy
T0457,15,84.6,98.2,38,11.0,372.0,82,92.8,23.7,362.0,3.46,60.8,Normal,Warning
T0458,12,70.3,84.0,24,11.0,261.4,59,97.1,16.0,248.6,2.84,39.4,Oil Pump Running,Healthy
T0459,22,77.8,89.3,21,11.0,299.3,65,93.2,27.7,402.8,3.24,59.1,Fan Running,Warning
T0460,3,76.3,87.9,26,11.0,337.7,75,97.6,12.7,222.0,2.05,31.0,Normal,Warning
T0461,29,72.9,79.9,25,11.0,217.4,48,89.1,34.9,436.5,3.87,80.3,Normal,Critical
T0462,3,79.3,91.2,37,11.0,396.8,89,96.5,10.6,257.7,2.98,40.6,Fan Running,Warning
T0463,20,84.1,95.9,35,11.0,378.8,84,90.8,27.4,393.3,3.53,62.3,Normal,Warning
T0464,4,66.1,76.1,36,11.0,226.2,50,98.2,11.7,182.6,1.57,18.8,Fan Running,Healthy
T0465,5,59.0,71.5,25,11.0,153.4,35,95.5,12.9,153.3,1.69,25.4,Normal,Healthy
T0466,22,88.7,96.6,19,11.0,406.6,92,92.8,24.8,429.6,4.39,76.4,Normal,Critical
T0467,21,86.1,92.7,20,11.0,405.0,89,90.8,26.9,408.3,3.95,75.8,Normal,Critical
T0468,23,91.4,102.1,34,11.0,400.5,89,92.7,28.8,462.5,4.46,78.0,Normal,Critical
T0469,17,75.8,86.0,19,11.0,350.5,77,91.2,22.0,347.7,3.23,55.5,Fan Running,Warning
T0470,3,77.4,85.2,25,11.0,421.4,94,96.8,8.9,269.2,3.1,33.6,Normal,Healthy
T0471,22,83.8,93.0,39,11.0,349.5,77,90.4,24.5,388.2,3.93,75.0,Normal,Critical
T0472,13,86.2,93.0,34,11.0,443.3,97,94.6,19.1,337.8,3.59,61.7,Normal,Warning
T0473,5,80.2,91.5,20,11.0,424.4,96,95.9,15.9,295.2,3.11,44.1,Normal,Warning
T0474,4,68.7,79.3,28,11.0,296.1,65,97.1,13.4,202.0,2.44,26.1,Fan Running,Healthy
T0475,15,61.8,72.1,23,11.0,156.4,35,92.2,23.4,269.5,2.42,37.0,Fan Running,Healthy
T0476,3,70.0,76.4,39,11.0,281.2,63,100.0,14.4,185.1,2.51,30.1,Oil Pump Running,Healthy
T0477,15,75.4,83.0,38,11.0,273.6,60,91.6,20.1,313.5,3.49,51.1,Oil Pump Running,Warning
T0478,5,63.0,74.3,34,11.0,161.5,37,97.7,11.7,180.2,2.05,26.3,Oil Pump Running,Healthy
T0479,16,87.9,98.3,25,11.0,446.7,100,94.8,19.0,385.4,3.64,65.9,Fan Running,Warning
T0480,28,84.1,90.8,29,11.0,330.8,74,89.1,33.4,497.0,4.26,82.8,Normal,Critical
T0481,21,67.2,73.7,29,11.0,164.3,37,88.8,28.6,325.5,3.3,60.7,Normal,Warning
T0482,11,82.3,94.7,28,11.0,431.3,95,95.0,17.0,326.2,3.3,54.8,Normal,Warning
T0483,28,89.5,96.8,31,11.0,404.0,91,89.0,32.7,493.1,4.21,87.1,Normal,Critical
T0484,11,71.4,80.9,19,11.0,251.6,57,96.5,17.0,241.2,3.04,39.8,Fan Running,Healthy
T0485,20,66.8,74.3,26,11.0,171.0,37,92.7,22.7,303.3,2.73,46.6,Normal,Healthy
T0486,7,68.5,76.1,18,11.0,293.7,64,98.7,13.0,243.2,2.54,32.4,Normal,Healthy
T0487,19,70.8,77.7,28,11.0,202.4,46,91.0,23.7,313.8,3.5,48.3,Fan Running,Healthy
T0488,8,82.3,93.0,38,11.0,398.5,89,94.0,17.2,316.6,2.77,47.8,Fan Running,Warning
T0489,15,65.8,75.5,18,11.0,186.1,41,91.9,21.6,270.2,3.14,39.4,Normal,Healthy
T0490,9,88.6,101.6,42,11.0,406.5,91,97.8,17.4,286.0,3.45,42.7,Normal,Warning
T0491,14,87.7,101.1,31,11.0,443.1,99,93.2,21.5,354.0,3.65,54.2,Normal,Warning
T0492,28,79.6,88.7,35,11.0,280.1,61,88.8,31.8,428.4,4.34,77.3,Normal,Critical
T0493,27,85.3,95.6,21,11.0,361.7,81,87.8,32.7,462.3,4.29,85.7,Normal,Critical
T0494,8,60.9,72.2,30,11.0,160.1,35,96.0,14.8,174.0,2.33,27.4,Normal,Healthy
T0495,27,72.9,80.7,41,11.0,196.4,42,89.6,31.7,393.8,3.69,64.2,Normal,Warning
T0496,3,71.8,79.9,38,11.0,258.8,57,96.5,12.1,164.3,2.05,22.2,Oil Pump Running,Healthy
T0497,18,87.7,94.6,22,11.0,428.4,96,91.3,21.6,440.4,4.15,72.0,Normal,Critical
T0498,22,83.5,95.5,32,11.0,335.3,75,90.4,29.4,429.3,4.0,62.9,Oil Pump Running,Critical
T0499,20,89.1,97.3,19,11.0,455.5,100,89.9,27.0,441.2,3.68,76.6,Fan Running,Warning
T0500,3,83.9,96.8,40,11.0,413.7,93,100.0,10.4,227.6,2.49,29.8,Normal,Warning
